{
  "version": "1.0",
  "defaultProvider": "cdnjs",
  "libraries": [
    {
      "library": "jquery@3.4.1",
      "destination": "wwwroot/lib/jquery/"
    },
    {
      "library": "twitter-bootstrap@4.4.1",
      "destination": "wwwroot/lib/bootstrap/"
    },
    {
      "library": "popper.js@1.16.1",
      "destination": "wwwroot/lib/popper.js/"
    },
    {
      "library": "jquery-validate@1.19.1",
      "destination": "wwwroot/lib/jquery-validate/"
    },
    {
      "library": "jquery-validation-unobtrusive@3.2.11",
      "destination": "wwwroot/lib/jquery-validation-unobtrusive/"
    },
    {
      "library": "moment.js@2.24.0",
      "destination": "wwwroot/lib/moment.js/"
    },
    {
      "library": "jqueryui@1.12.1",
      "destination": "wwwroot/lib/jqueryui/"
    },
    {
      "library": "flatpickr@4.6.3",
      "destination": "wwwroot/lib/flatpickr/"
    },
    {
      "library": "tempusdominus-bootstrap-4@5.1.2",
      "destination": "wwwroot/lib/tempusdominus-bootstrap-4/"
    },
    {
      "library": "bootstrap-datetimepicker@4.17.47",
      "destination": "wwwroot/lib/bootstrap-datetimepicker/"
    },
    {
      "library": "font-awesome@4.7.0",
      "destination": "wwwroot/lib/font-awesome/"
    }
  ]
}